<?xml version="1.0" encoding="UTF-8" standalone="no"?>
<manifest xmlns="http://tizen.org/ns/packages" api-version="2.3.1" package="org.example.uicomponents" version="1.0.0">
    <profile name="wearable"/>
    <ui-application appid="org.example.uicomponents" exec="uicomponents" multiple="false" nodisplay="false" taskmanage="true" type="capp">
        <label>Aegle</label>
        <icon>uicomponents.png</icon>
    </ui-application>
    <privileges>
        <privilege>http://tizen.org/privilege/mediastorage</privilege>
        <privilege>http://tizen.org/privilege/download</privilege>
        <privilege>http://tizen.org/privilege/network.get</privilege>
        <privilege>http://tizen.org/privilege/push</privilege>
        <privilege>http://tizen.org/privilege/internet</privilege>
        <privilege>http://tizen.org/privilege/externalstorage.appdata</privilege>
        <privilege>http://tizen.org/privilege/externalstorage</privilege>
    </privileges>
</manifest>
